{
    "ivysaur": 3.5786186100480686,
    "charmeleon": 3.322578319210127,
    "wartortle": 3.2599782629606766,
    "butterfree": 3.3230142005911913,
    "raichu": 3.457070396887134,
    "raichu-alola": 3.696516075818862,
    "sandslash": 3.907380543076768,
    "sandslash-alola": 3.806802358639943,
    "nidoqueen": 3.621024226133424,
    "nidoking": 4.2073616230481825,
    "clefairy": 2.9121409724962115,
    "clefable": 3.735686583541758,
    "jigglypuff": 2.539708446245346,
    "wigglytuff": 3.4671550901670196,
    "gloom": 3.131596451771026,
    "vileplume": 3.944531491390938,
    "dugtrio": 3.486753464389486,
    "dugtrio-alola": 3.9208060597641077,
    "persian": 2.9878809343066943,
    "persian-alola": 2.954942186645455,
    "golduck": 3.4427360413100425,
    "poliwrath": 3.8991751625107476,
    "kadabra": 3.1944542437634533,
    "machoke": 3.4103605614417645,
    "tentacruel": 3.705280588765657,
    "slowbro": 3.8692773118366404,
    "magneton": 4.222653605439104,
    "haunter": 3.6954817230321098,
    "kingler": 4.045766722401212,
    "exeggutor": 4.188635312382797,
    "marowak": 3.508036911143109,
    "marowak-alola": 4.1660758585156215,
    "hitmonlee": 4.051878883869966,
    "hitmonchan": 3.8054156591997708,
    "lickitung": 3.180244903629259,
    "weezing": 3.5283426697326057,
    "weezing-galar": 3.6817806711037253,
    "rhydon": 4.336089126657407,
    "chansey": 2.8525045969318263,
    "tangela": 3.049631014818207,
    "kangaskhan": 3.7382104974457504,
    "seadra": 3.2796581599576915,
    "seaking": 3.6562447137519096,
    "starmie": 3.4663535895516313,
    "mr-mime": 3.359553759080411,
    "mr-mime-galar": 3.3058989123009455,
    "scyther": 3.6181668014509216,
    "jynx": 3.535781337444526,
    "electabuzz": 3.4169908965789655,
    "magmar": 3.727174345936491,
    "tauros": 3.7613712659073197,
    "ditto": 3.446051918362511,
    "vaporeon": 3.586317634308359,
    "jolteon": 3.9478558531836763,
    "flareon": 3.7670036529822206,
    "porygon": 3.4590445366769846,
    "dragonair": 3.211461829078799,
    "noctowl": 3.1829861354851734,
    "lanturn": 3.8903000223933977,
    "togetic": 3.19284848304517,
    "xatu": 3.528598137360752,
    "bellossom": 3.6287907208136017,
    "azumarill": 3.459181125421998,
    "sudowoodo": 3.9561256570214622,
    "politoed": 3.5836382499019734,
    "quagsire": 3.24789615048619,
    "slowking": 3.7303117619833337,
    "dunsparce": 3.1858161005454626,
    "qwilfish": 3.695606321174776,
    "sneasel": 3.4464595075386337,
    "piloswine": 3.7134816685558403,
    "octillery": 3.7407187114502216,
    "mantine": 3.852630970998138,
    "skarmory": 3.779698761447987,
    "hitmontop": 3.655039424508941,
    "miltank": 3.463504303796099,
    "grovyle": 3.129208013624237,
    "sceptile": 3.9687040929021777,
    "combusken": 3.5932145959195796,
    "blaziken": 4.6194347971920795,
    "marshtomp": 3.616544344376196,
    "swampert": 3.9642865242756473,
    "linoone": 3.0766308572191585,
    "linoone-galar": 3.109104034551739,
    "pelipper": 3.140401821213393,
    "ninjask": 2.9308603157673905,
    "exploud": 3.5898321978807344,
    "lairon": 3.8204670092678237,
    "manectric": 3.9036069353761125,
    "roselia": 3.7244325509572227,
    "sharpedo": 3.2666464085990086,
    "wailmer": 3.1170446912680903,
    "torkoal": 3.5440877297667353,
    "flygon": 3.7250510066362432,
    "altaria": 3.388121185253864,
    "whiscash": 3.482156239147956,
    "crawdaunt": 3.8094859175786366,
    "claydol": 3.3190192745661853,
    "cradily": 3.9329236842498587,
    "armaldo": 4.371069358732509,
    "dusclops": 3.2897078706854033,
    "absol": 3.6918539350944957,
    "glalie": 3.417232381082936,
    "sealeo": 3.4710600236131515,
    "relicanth": 4.282446762800834,
    "metang": 3.7221458635598914,
    "luxray": 3.6697250430641173,
    "vespiquen": 3.5969675035909505,
    "cherrim": 3.346313205141046,
    "gastrodon": 3.6233211380366384,
    "drifblim": 3.4771958294408627,
    "lopunny": 3.3861909715669065,
    "skuntank": 3.6952026867773435,
    "bronzong": 3.8980858896584656,
    "munchlax": 3.7191526370042074,
    "drapion": 3.794879236992222,
    "abomasnow": 3.714228869042604,
    "froslass": 3.653249155105811,
    "rotom": 3.788675429772624,
    "stoutland": 3.647523220770024,
    "liepard": 3.0957087438147624,
    "musharna": 4.041426708477364,
    "unfezant": 3.478678714416895,
    "boldore": 3.8014238913226817,
    "swoobat": 3.189677403448876,
    "audino": 3.2736510866783965,
    "gurdurr": 3.76937936182945,
    "palpitoad": 3.329285761639143,
    "seismitoad": 2.9964526158040776,
    "scolipede": 3.802519324320781,
    "whimsicott": 3.586901627721715,
    "lilligant": 4.054213460064244,
    "basculin-red-striped": 3.448826446105757,
    "basculin-blue-striped": 3.3967205694577074,
    "krookodile": 4.035359009100929,
    "maractus": 4.010362744997375,
    "crustle": 4.09711873725032,
    "sigilyph": 3.7868078281269355,
    "cofagrigus": 3.7858156251264994,
    "garbodor": 3.6591627361637205,
    "cinccino": 3.136679288765303,
    "vanillish": 3.2081760304454434,
    "emolga": 3.3320960607116863,
    "escavalier": 4.057441438664975,
    "amoonguss": 3.7605134845232207,
    "jellicent": 3.5101820647432107,
    "galvantula": 3.8283732543062374,
    "klang": 3.52921278108987,
    "klinklang": 3.683636773179775,
    "beheeyem": 4.002611597766595,
    "lampent": 3.5592600852516085,
    "fraxure": 3.7438221726507956,
    "beartic": 3.576001933883359,
    "cryogonal": 3.825844863972948,
    "accelgor": 3.2596660049421033,
    "stunfisk": 4.069731508552442,
    "stunfisk-galar": 3.755825699864767,
    "mienshao": 3.6414283960597653,
    "druddigon": 3.8523695196430037,
    "golurk": 4.392800886849953,
    "bisharp": 4.05725626998198,
    "bouffalant": 4.190891529430881,
    "heatmor": 4.408967012381079,
    "durant": 3.984842766570923,
    "diggersby": 3.2789101662735174,
    "talonflame": 3.675933889714442,
    "pangoro": 4.498986329262075,
    "doublade": 4.023475765537569,
    "malamar": 3.6203793901961516,
    "barbaracle": 3.7971782996464274,
    "heliolisk": 3.7485112096145676,
    "tyrantrum": 4.0509826387340615,
    "aurorus": 3.9601779670813144,
    "hawlucha": 3.4450076717934497,
    "dedenne": 3.5942362588366814,
    "klefki": 3.79697599804055,
    "trevenant": 4.003065562838948,
    "gourgeist-average": 3.2378719334236643,
    "charjabug": 3.4479296165348323,
    "vikavolt": 4.293942468909208,
    "ribombee": 3.3745555112252736,
    "lycanroc-midday": 3.847059479647806,
    "lycanroc-midnight": 4.135622983308905,
    "mudsdale": 4.119929235420899,
    "araquanid": 3.6616360195983453,
    "lurantis": 3.811658729590916,
    "shiinotic": 3.4378895588099616,
    "salazzle": 3.775611679877203,
    "bewear": 4.15862284500402,
    "tsareena": 3.9805832338373466,
    "comfey": 3.300568114909494,
    "oranguru": 3.554480110200127,
    "passimian": 3.9313521062673087,
    "palossand": 4.065112549754215,
    "pyukumuku": 2.525322999523347,
    "togedemaru": 3.822420787600754,
    "mimikyu-disguised": 3.540294147693431,
    "greedent": 3.7178686157095138,
    "orbeetle": 3.474530063163537,
    "thievul": 3.3971856032127903,
    "eldegoss": 3.632606778469967,
    "dubwool": 3.528767843612659,
    "drednaw": 4.209169209451295,
    "boltund": 3.539750475386989,
    "carkol": 3.6207892151480308,
    "coalossal": 4.00350517337877,
    "sandaconda": 3.454603711005339,
    "cramorant": 3.3235714893645656,
    "barraskewda": 3.1845350607060188,
    "toxtricity-amped": 3.757973575021802,
    "centiskorch": 3.8980231425381358,
    "grapploct": 3.660074710808615,
    "polteageist": 3.8998152495121845,
    "hatterene": 4.07411942041316,
    "grimmsnarl": 3.613501300701067,
    "obstagoon": 3.673756687109596,
    "perrserker": 3.6815909422917366,
    "alcremie": 3.9965140931662972,
    "falinks": 3.5217078685769203,
    "pincurchin": 3.6681017274558556,
    "frosmoth": 3.4134088536949623,
    "indeedee-male": 3.641167294616705,