{
    "ivysaur": 3.5744426245004006,
    "charmeleon": 3.3239458014986627,
    "wartortle": 3.2580018388563388,
    "butterfree": 3.3240033959141293,
    "raichu": 3.4358017290264957,
    "raichu-alola": 3.694718277549739,
    "sandslash": 3.900408312984035,
    "sandslash-alola": 3.801145612679644,
    "nidoqueen": 3.616525751979196,
    "nidoking": 4.195233279793868,
    "clefairy": 2.9190274329600996,
    "clefable": 3.7327520621662496,
    "jigglypuff": 2.553172268769526,
    "wigglytuff": 3.464458515231891,
    "gloom": 3.134061585343258,
    "vileplume": 3.9384434930224574,
    "dugtrio": 3.4919043964347534,
    "dugtrio-alola": 3.917288228473842,
    "persian": 2.990994429053848,
    "persian-alola": 2.960010338900829,
    "golduck": 3.4415272847734775,
    "poliwrath": 3.868348392115023,
    "kadabra": 3.2012427516291972,
    "machoke": 3.412041433105714,
    "tentacruel": 3.6988679239178466,
    "slowbro": 3.8601435505605437,
    "magneton": 4.216173095394067,
    "haunter": 3.696511189231054,
    "kingler": 4.040545613177574,
    "exeggutor": 4.178731862664584,
    "marowak": 3.50548202060046,
    "marowak-alola": 4.154522695061755,
    "hitmonlee": 4.044606649494796,
    "hitmonchan": 3.7973217954136476,
    "lickitung": 3.179697355433425,
    "weezing": 3.521262540226352,
    "weezing-galar": 3.676275967604382,
    "rhydon": 4.328187948745706,
    "chansey": 2.862880344375719,
    "tangela": 3.051374566578208,
    "kangaskhan": 3.7297389663751446,
    "seadra": 3.2822969748838546,
    "seaking": 3.6516956834734935,
    "starmie": 3.463498249191556,
    "mr-mime": 3.3638024370201354,
    "mr-mime-galar": 3.310604014848298,
    "scyther": 3.6142276904517345,
    "jynx": 3.4733952573277636,
    "electabuzz": 3.4161265533057197,
    "magmar": 3.7207307187844307,
    "tauros": 3.7530207579617656,
    "ditto": 3.4522163958407006,
    "vaporeon": 3.565605019924323,
    "jolteon": 3.921710854792882,
    "flareon": 3.7470761451452104,
    "porygon": 3.455814654272714,
    "dragonair": 3.210542171841751,
    "noctowl": 3.1856577181866013,
    "lanturn": 3.845357523183049,
    "togetic": 3.1950311483435168,
    "xatu": 3.5284220798161563,
    "bellossom": 3.6258747699302822,
    "azumarill": 3.3557429203156146,
    "sudowoodo": 3.9506264275932383,
    "politoed": 3.5795586375326,
    "quagsire": 3.249201132381371,
    "slowking": 3.7265906987861253,
    "dunsparce": 3.1849820590896636,
    "qwilfish": 3.694114009112469,
    "sneasel": 3.443429063806675,
    "piloswine": 3.7077587732273565,
    "octillery": 3.7362172941979868,
    "mantine": 3.8262755726244055,
    "skarmory": 3.7712286645653648,
    "hitmontop": 3.6506721844569605,
    "miltank": 3.4623942863872563,
    "grovyle": 3.1359029882695446,
    "sceptile": 3.957800344685932,
    "combusken": 3.5919037494010113,
    "blaziken": 4.604014712762058,
    "marshtomp": 3.612488600844027,
    "swampert": 3.9545459928181574,
    "linoone": 3.0801201906931857,
    "linoone-galar": 3.1135876153980306,
    "pelipper": 3.1450739327978443,
    "ninjask": 2.938535076494866,
    "exploud": 3.584899739093018,
    "lairon": 3.8188089988594367,
    "manectric": 3.8678940591934685,
    "roselia": 3.7229043034777884,
    "sharpedo": 3.270894566804916,
    "wailmer": 3.1242033154414823,
    "torkoal": 3.5408260345908245,
    "flygon": 3.720119071776068,
    "altaria": 3.3847457789585844,
    "whiscash": 3.4807899109632734,
    "crawdaunt": 3.8063702630138603,
    "claydol": 3.318613774840004,
    "cradily": 3.924630933599826,
    "armaldo": 4.3606954375084985,
    "dusclops": 3.2887640694674203,
    "absol": 3.6882337608045543,
    "glalie": 3.4195396290977973,
    "sealeo": 3.470914748296309,
    "relicanth": 4.271213897093514,
    "metang": 3.7167630862730023,
    "luxray": 3.6677191832779608,
    "vespiquen": 3.5916962380003947,
    "cherrim": 3.3492391013490574,
    "gastrodon": 3.61718597253237,
    "drifblim": 3.4748979653910443,
    "lopunny": 3.3860772620605144,
    "skuntank": 3.6866433934987883,
    "bronzong": 3.894704983459478,
    "munchlax": 3.7103953377248997,
    "drapion": 3.788331483682516,
    "abomasnow": 3.7107579862986997,
    "froslass": 3.6489769670445105,
    "rotom": 3.7858127123411016,
    "stoutland": 3.643074091999179,
    "liepard": 3.1020308474123146,
    "musharna": 4.028900870299497,
    "unfezant": 3.48051040600148,
    "boldore": 3.7999633958448276,
    "swoobat": 3.193662134915037,
    "audino": 3.272468879893351,
    "gurdurr": 3.761446154118501,
    "palpitoad": 3.330140155037679,
    "seismitoad": 3.0000480396470515,
    "scolipede": 3.8004517217761924,
    "whimsicott": 3.583523034414698,
    "lilligant": 4.048137936525758,
    "basculin-red-striped": 3.4473658900260036,
    "basculin-blue-striped": 3.3984100088826668,
    "krookodile": 4.030147168702601,
    "maractus": 3.952691612966109,
    "crustle": 4.0882701422598045,
    "sigilyph": 3.7805118192007647,
    "cofagrigus": 3.780248500620414,
    "garbodor": 3.6517807685521815,
    "cinccino": 3.13874091303499,
    "vanillish": 3.2102878340930334,
    "emolga": 3.3327755585876435,
    "escavalier": 4.046704410806724,
    "amoonguss": 3.7528828929411984,
    "jellicent": 3.487029839407093,
    "galvantula": 3.820321501870159,
    "klang": 3.5243912468467093,
    "klinklang": 3.6796431370826923,
    "beheeyem": 3.99405502236025,
    "lampent": 3.5303155148667176,
    "fraxure": 3.7369169261896893,
    "beartic": 3.5726092191119823,
    "cryogonal": 3.819902310253747,
    "accelgor": 3.261840290723544,
    "stunfisk": 4.058939992344381,
    "stunfisk-galar": 3.7487328628816927,
    "mienshao": 3.641546520992495,
    "druddigon": 3.8432922359599093,
    "golurk": 4.380162845302522,
    "bisharp": 4.0479396791934485,
    "bouffalant": 4.129222959122876,
    "heatmor": 4.37449501965176,
    "durant": 3.978100812609873,
    "diggersby": 3.278477680796034,
    "talonflame": 3.6715727534790292,
    "pangoro": 4.48539747170125,
    "doublade": 4.013562189892189,
    "malamar": 3.6165053331503723,
    "barbaracle": 3.7890519106884084,
    "heliolisk": 3.663723991653218,
    "tyrantrum": 4.0361881882583,
    "aurorus": 3.9535152428473714,
    "hawlucha": 3.443948897282295,
    "dedenne": 3.594252772106552,
    "klefki": 3.7917946422508613,
    "trevenant": 3.9956169032325626,
    "gourgeist-average": 3.2390340140224896,
    "charjabug": 3.449636114825913,
    "vikavolt": 4.282493196225367,
    "ribombee": 3.3765310717772654,
    "lycanroc-midday": 3.8456283056777467,
    "lycanroc-midnight": 4.128204879015255,
    "mudsdale": 4.108118152309579,
    "araquanid": 3.6350377372565608,
    "lurantis": 3.8045069298302367,
    "shiinotic": 3.4382368507395746,
    "salazzle": 3.774324374929654,
    "bewear": 4.148306232423788,
    "tsareena": 3.9755729414703915,
    "comfey": 3.301391285416047,
    "oranguru": 3.550057383909049,
    "passimian": 3.925342677208599,
    "palossand": 4.056424662647817,
    "pyukumuku": 2.5346225988526236,
    "togedemaru": 3.8165258540229527,
    "mimikyu-disguised": 3.538978652399036,
    "greedent": 3.710956482995989,
    "orbeetle": 3.471086904674385,
    "thievul": 3.395503657052611,
    "eldegoss": 3.6301466674754512,
    "dubwool": 3.525281234852123,
    "drednaw": 4.198934037907809,
    "boltund": 3.5405301342076974,
    "carkol": 3.6068727646504795,
    "coalossal": 3.9947950136897483,
    "sandaconda": 3.453086497349965,
    "cramorant": 3.3265215707822855,
    "barraskewda": 3.1885283032763367,
    "toxtricity-amped": 3.755161997416797,
    "centiskorch": 3.8890483089891354,
    "grapploct": 3.6550838991018555,
    "polteageist": 3.892841930376771,
    "hatterene": 4.0685074884983665,
    "grimmsnarl": 3.6123868460140716,
    "obstagoon": 3.6682675268331217,
    "perrserker": 3.6780654521380947,
    "alcremie": 3.988848467226661,
    "falinks": 3.5202734822329185,
    "pincurchin": 3.6675889294765915,
    "frosmoth": 3.4139809526863982,
    "indeedee-male": 3.639644351533047,