{
    "ivysaur": 0.9811049703685419,
    "charmeleon": 0.9125033452947436,
    "wartortle": 0.8941270596490651,
    "butterfree": 0.9122640368309443,
    "raichu": 0.9428191219227442,
    "raichu-alola": 1.0134682170414206,
    "sandslash": 1.0706651038031014,
    "sandslash-alola": 1.0438693318713015,
    "nidoqueen": 0.9931781697729981,
    "nidoking": 1.1513845121212618,
    "clefairy": 0.8015810997002643,
    "clefable": 1.0241501420036399,
    "jigglypuff": 0.7013672381562598,
    "wigglytuff": 0.9506911034357013,
    "gloom": 0.8607600322287589,
    "vileplume": 1.0806197633153987,
    "dugtrio": 0.9589166831403443,
    "dugtrio-alola": 1.0764171141038965,
    "persian": 0.821075578234571,
    "persian-alola": 0.8126423530465567,
    "golduck": 0.9444192298422857,
    "poliwrath": 1.0610644157512463,
    "kadabra": 0.8785704369726715,
    "machoke": 0.9368244320849867,
    "tentacruel": 1.015112382247434,
    "slowbro": 1.0591839741209164,
    "magneton": 1.1570426496806,
    "haunter": 1.0149790500505365,
    "kingler": 1.1080210391962373,
    "exeggutor": 1.1460128563852612,
    "marowak": 0.9627690052065748,
    "marowak-alola": 1.1406828158331805,
    "hitmonlee": 1.1104591163631103,
    "hitmonchan": 1.04216821523174,
    "lickitung": 0.8727468194965154,
    "weezing": 0.9666222959943815,
    "weezing-galar": 1.0088874749187502,
    "rhydon": 1.1878995779465555,
    "chansey": 0.7868606149054201,
    "tangela": 0.8377698325198207,
    "kangaskhan": 1.0234383047696591,
    "seadra": 0.9005288646645321,
    "seaking": 1.0017276968807198,
    "starmie": 0.9503566869750406,
    "mr-mime": 0.9234111168548166,
    "mr-mime-galar": 0.9087802933445716,
    "scyther": 0.9919535584161703,
    "jynx": 0.9535238987597502,
    "electabuzz": 0.9371035368035643,
    "magmar": 1.0213492262571262,
    "tauros": 1.0299191654095627,
    "ditto": 0.9483692729908566,
    "vaporeon": 0.9785181843579575,
    "jolteon": 1.0753766737243393,
    "flareon": 1.0880058958009409,
    "porygon": 0.9480856542319644,
    "dragonair": 0.8811220746193347,
    "noctowl": 0.8746841148447295,
    "lanturn": 1.0544888174609284,
    "togetic": 0.877406677641643,
    "xatu": 0.9685236864937974,
    "bellossom": 0.9949824907253999,
    "azumarill": 0.9208406219340275,
    "sudowoodo": 1.0839269520140757,
    "politoed": 0.9819919001995036,
    "quagsire": 0.8921965091552134,
    "slowking": 1.0224273012226512,
    "dunsparce": 0.8745107598277938,
    "qwilfish": 1.0133600978711772,
    "sneasel": 0.9448595855603025,
    "piloswine": 1.0178865226367102,
    "octillery": 1.0251488860058386,
    "mantine": 1.050214932910959,
    "skarmory": 1.0358069477186524,
    "hitmontop": 1.0021588610206749,
    "miltank": 0.950166618087304,
    "grovyle": 0.8608340635011699,
    "sceptile": 1.0856141951494023,
    "combusken": 0.9858578263225826,
    "blaziken": 1.263159798561978,
    "marshtomp": 0.9913867190827417,
    "swampert": 1.085188841274615,
    "linoone": 0.8455583018225473,
    "linoone-galar": 0.8546374830361462,
    "pelipper": 0.8635877408236873,
    "ninjask": 0.8068250550371531,
    "exploud": 0.9839252424245651,
    "lairon": 1.0485888818349651,
    "manectric": 1.0609039513119662,
    "roselia": 1.0216475399147933,
    "sharpedo": 0.8969122005152581,
    "wailmer": 0.8576433712754995,
    "torkoal": 0.9721084609241759,
    "flygon": 1.021875364441348,
    "altaria": 0.9293242032187382,
    "whiscash": 0.9556848248870194,
    "crawdaunt": 1.1904482936447516,
    "claydol": 0.9115405645883876,
    "cradily": 1.0767438646092338,
    "armaldo": 1.1962188042578121,
    "dusclops": 0.9033229485803621,
    "absol": 1.011910338686129,
    "glalie": 0.9390486871840868,
    "sealeo": 0.9523487036017098,
    "relicanth": 1.171158752010357,
    "metang": 1.0209261559809122,
    "luxray": 1.005973505868801,
    "vespiquen": 0.9859401292741095,
    "cherrim": 0.9192502802724589,
    "gastrodon": 0.9927070654676317,
    "drifblim": 0.9539758252047226,
    "lopunny": 0.9294955351069094,
    "skuntank": 1.0118224682975603,
    "bronzong": 1.0697918706926322,
    "munchlax": 1.0178547360506398,
    "drapion": 1.0398858813824758,
    "abomasnow": 1.0184017326189547,
    "froslass": 1.002020126918168,
    "rotom": 1.0390703958775573,
    "stoutland": 0.9994717162208211,
    "liepard": 0.8513978535383744,
    "musharna": 1.1052949202960802,
    "unfezant": 0.9551785224455732,
    "boldore": 1.042567170235976,
    "swoobat": 0.8768493537697307,
    "audino": 0.8983574945081558,
    "gurdurr": 1.0324634769185748,
    "palpitoad": 0.9141610294190002,
    "seismitoad": 0.8239252926638979,
    "scolipede": 1.04318397274852,
    "whimsicott": 0.983350328603099,
    "lilligant": 1.110300592603713,
    "basculin-red-striped": 1.022151580370388,
    "basculin-blue-striped": 1.009195698116406,
    "krookodile": 1.10614961310865,
    "maractus": 1.0840718290885492,
    "crustle": 1.121778007242599,
    "sigilyph": 1.0378206245302368,
    "cofagrigus": 1.0378936749294352,
    "garbodor": 1.0025404760585226,
    "cinccino": 0.8615644978484264,
    "vanillish": 0.8813344181876994,
    "emolga": 0.9145236912134792,
    "escavalier": 1.1109392663973354,
    "amoonguss": 1.0299396932185458,
    "jellicent": 0.95713202849763,
    "galvantula": 1.0478129895276225,
    "klang": 0.9679341942764308,
    "klinklang": 1.0109335639829682,
    "beheeyem": 1.096013775016182,
    "lampent": 0.9696164369733401,
    "fraxure": 1.0251437191682717,
    "beartic": 0.9809750667705233,
    "cryogonal": 1.048171990731897,
    "accelgor": 0.8952120478543515,
    "stunfisk": 1.1136012522568652,
    "stunfisk-galar": 1.029512368963075,
    "mienshao": 0.9996843398029637,
    "druddigon": 1.0552192042238169,
    "golurk": 1.2038225788269756,
    "bisharp": 1.1110408189841443,
    "bouffalant": 1.1332612577070378,
    "heatmor": 1.2000895431371004,
    "durant": 1.0923054752606747,
    "diggersby": 0.9003697162133408,
    "talonflame": 1.0077529253480717,
    "pangoro": 1.2307136421503932,
    "doublade": 1.1028375324483772,
    "malamar": 0.9923105016171287,
    "barbaracle": 1.0392271332139558,
    "heliolisk": 1.0048212049813072,
    "tyrantrum": 1.1076558850110056,
    "aurorus": 1.0097952570284896,
    "hawlucha": 0.945788782604037,
    "dedenne": 0.9858800142153646,
    "klefki": 1.0414099510165553,
    "trevenant": 1.0971046558697604,
    "gourgeist-average": 0.890006154472346,
    "charjabug": 0.9466404861697344,
    "vikavolt": 1.174661494993724,
    "ribombee": 0.9266216118773603,
    "lycanroc-midday": 1.0549941614519858,
    "lycanroc-midnight": 1.1324786883512623,
    "mudsdale": 1.1280883410031095,
    "araquanid": 0.9972000563764566,
    "lurantis": 1.0438509610443873,
    "shiinotic": 0.943748264035203,
    "salazzle": 1.0359843028049953,
    "bewear": 1.1375997940072844,
    "tsareena": 1.0909340503752079,
    "comfey": 0.9060813871233369,
    "oranguru": 0.9744702129074806,
    "passimian": 1.0775046488485478,
    "palossand": 1.1139425322382641,
    "pyukumuku": 0.6966728004514964,
    "togedemaru": 1.0483269166225058,
    "mimikyu-disguised": 0.9718528293555396,
    "greedent": 1.0185970642158875,
    "orbeetle": 0.9528179202262868,
    "thievul": 0.9317114816401023,
    "eldegoss": 0.9960724665999083,
    "dubwool": 0.9677984683969709,
    "drednaw": 1.1514823024741219,
    "boltund": 0.9712003656913555,
    "carkol": 0.9898671184136628,
    "coalossal": 1.0963587451013201,
    "sandaconda": 0.9483194989169091,
    "cramorant": 0.9127567617078497,
    "barraskewda": 0.8747255228863475,
    "toxtricity-amped": 1.0298865743892176,
    "centiskorch": 1.067379778594344,
    "grapploct": 1.0035155653930732,
    "polteageist": 1.0684551120903623,
    "hatterene": 1.116207230486189,
    "grimmsnarl": 0.991521098705121,
    "obstagoon": 1.006475945777661,
    "perrserker": 1.0102733026940751,
    "alcremie": 1.094346994780681,
    "falinks": 0.966570603994375,
    "pincurchin": 1.005847138934449,