{
    "ivysaur": 3.577755189075091,
    "charmeleon": 3.3252191789328966,
    "wartortle": 3.2591837968114685,
    "butterfree": 3.3262329806480078,
    "raichu": 3.4606331100527234,
    "raichu-alola": 3.697569429125355,
    "sandslash": 3.903235096952128,
    "sandslash-alola": 3.80356474297594,
    "nidoqueen": 3.6188182997599374,
    "nidoking": 4.199219514295473,
    "clefairy": 2.919967375443097,
    "clefable": 3.735191874480022,
    "jigglypuff": 2.5526035217714473,
    "wigglytuff": 3.4662644723182026,
    "gloom": 3.135439419651718,
    "vileplume": 3.9429497737263652,
    "dugtrio": 3.4935279044071335,
    "dugtrio-alola": 3.919657071423051,
    "persian": 2.9916890157504294,
    "persian-alola": 2.9608137577543627,
    "golduck": 3.443293561464229,
    "poliwrath": 3.8928973504161855,
    "kadabra": 3.202429325159205,
    "machoke": 3.4135212736602667,
    "tentacruel": 3.7012890103931935,
    "slowbro": 3.8631339225377315,
    "magneton": 4.219986362909444,
    "haunter": 3.698956855210065,
    "kingler": 4.043095420506334,
    "exeggutor": 4.18391124515897,
    "marowak": 3.507232212489833,
    "marowak-alola": 4.157510467862659,
    "hitmonlee": 4.046903250456307,
    "hitmonchan": 3.80040063993937,
    "lickitung": 3.181252264706067,
    "weezing": 3.52340267296331,
    "weezing-galar": 3.6786643621929302,
    "rhydon": 4.331262132966897,
    "chansey": 2.862611682421031,
    "tangela": 3.0533864128802373,
    "kangaskhan": 3.732387463831492,
    "seadra": 3.283537536739239,
    "seaking": 3.6539950715637284,
    "starmie": 3.4652336610095484,
    "mr-mime": 3.365667553501714,
    "mr-mime-galar": 3.3121457906285965,
    "scyther": 3.6167458969632484,
    "jynx": 3.5389510890090086,
    "electabuzz": 3.4183503249525238,
    "magmar": 3.7228633937115494,
    "tauros": 3.755540788941673,
    "ditto": 3.463350547934676,
    "vaporeon": 3.586056521901301,
    "jolteon": 3.9453770690202394,
    "flareon": 3.7677143661379957,
    "porygon": 3.457937165086818,
    "dragonair": 3.212446676760501,
    "noctowl": 3.186960194766406,
    "lanturn": 3.8838395702900597,
    "togetic": 3.196353718202022,
    "xatu": 3.5308269502897223,
    "bellossom": 3.6292805264133827,
    "azumarill": 3.454105589492144,
    "sudowoodo": 3.953016089252569,
    "politoed": 3.5817247700412445,
    "quagsire": 3.2501600836633355,
    "slowking": 3.7292865168545903,
    "dunsparce": 3.18602545306365,
    "qwilfish": 3.6965858051691844,
    "sneasel": 3.4452980872459085,
    "piloswine": 3.709446284227218,
    "octillery": 3.738347166240737,
    "mantine": 3.8501815597247204,
    "skarmory": 3.77373347238465,
    "hitmontop": 3.652913784378837,
    "miltank": 3.46432482317294,
    "grovyle": 3.137905543979066,
    "sceptile": 3.9623209315140846,
    "combusken": 3.5935642903695006,
    "blaziken": 4.6078342934334815,
    "marshtomp": 3.61457656934376,
    "swampert": 3.9576531202948897,
    "linoone": 3.0810075420365792,
    "linoone-galar": 3.1148061764477712,
    "pelipper": 3.145494060302335,
    "ninjask": 2.9395442723690848,
    "exploud": 3.587063536155729,
    "lairon": 3.820748463995509,
    "manectric": 3.89990772726511,
    "roselia": 3.7265065129337094,
    "sharpedo": 3.2724713361586506,
    "wailmer": 3.1251502510816267,
    "torkoal": 3.5426715381587996,
    "flygon": 3.7228715763600566,
    "altaria": 3.386951085995006,
    "whiscash": 3.482322068963051,
    "crawdaunt": 3.8090420168940193,
    "claydol": 3.3199554594861422,
    "cradily": 3.9284221524786984,
    "armaldo": 4.364558361428598,
    "dusclops": 3.2900661991672178,
    "absol": 3.690690963336548,
    "glalie": 3.4210475752855447,
    "sealeo": 3.4726114404473996,
    "relicanth": 4.274521544159765,
    "metang": 3.71918894825424,
    "luxray": 3.6706609284240557,
    "vespiquen": 3.5941558864277487,
    "cherrim": 3.352005564999176,
    "gastrodon": 3.6191019903935326,
    "drifblim": 3.477166567404926,
    "lopunny": 3.3877748269594554,
    "skuntank": 3.689154649020123,
    "bronzong": 3.8975379314780025,
    "munchlax": 3.7132065595362627,
    "drapion": 3.7910556091591827,
    "abomasnow": 3.714315916274941,
    "froslass": 3.6507932455032495,
    "rotom": 3.7886113852814676,
    "stoutland": 3.6455726485439968,
    "liepard": 3.1030285213967264,
    "musharna": 4.032919219431752,
    "unfezant": 3.4825678304950576,
    "boldore": 3.8018878368049673,
    "swoobat": 3.195194649767351,
    "audino": 3.274007571649873,
    "gurdurr": 3.76379999217575,
    "palpitoad": 3.3315069126695187,
    "seismitoad": 3.0004570314904195,
    "scolipede": 3.8033205203137896,
    "whimsicott": 3.586778890872029,
    "lilligant": 4.053107147907697,
    "basculin-red-striped": 3.449150411636561,
    "basculin-blue-striped": 3.399941703453298,
    "krookodile": 4.033219367909212,
    "maractus": 4.003604905214971,
    "crustle": 4.091270556430907,
    "sigilyph": 3.7835256470361607,
    "cofagrigus": 3.782868854398148,
    "garbodor": 3.6541591170410985,
    "cinccino": 3.139761147482364,
    "vanillish": 3.2113662511223544,
    "emolga": 3.334842082032093,
    "escavalier": 4.050401806273926,
    "amoonguss": 3.7566905291301924,
    "jellicent": 3.508114221800229,
    "galvantula": 3.8239092961449943,
    "klang": 3.52626713066362,
    "klinklang": 3.681569848507804,
    "beheeyem": 3.9973330351998326,
    "lampent": 3.5588373406566953,
    "fraxure": 3.7400613990480287,
    "beartic": 3.5744182536374156,
    "cryogonal": 3.8229308004171583,
    "accelgor": 3.2635404241764725,
    "stunfisk": 4.062705544421702,
    "stunfisk-galar": 3.7512374299120634,
    "mienshao": 3.643080543244809,
    "druddigon": 3.846540933242367,
    "golurk": 4.383129604863362,
    "bisharp": 4.051243898512357,
    "bouffalant": 4.177241108722719,
    "heatmor": 4.400967376402421,
    "durant": 3.981481830874389,
    "diggersby": 3.2797569830360667,
    "talonflame": 3.6737935532398756,
    "pangoro": 4.489533710197347,
    "doublade": 4.015712530055872,
    "malamar": 3.6190317664370695,
    "barbaracle": 3.791144594692774,
    "heliolisk": 3.748344234202039,
    "tyrantrum": 4.039164328603932,
    "aurorus": 3.956416747695244,
    "hawlucha": 3.445668673806659,
    "dedenne": 3.596806398910458,
    "klefki": 3.7939551776005853,
    "trevenant": 3.9997240383652755,
    "gourgeist-average": 3.2406769432535825,
    "charjabug": 3.452259309994704,
    "vikavolt": 4.287291692073806,
    "ribombee": 3.3784960182171937,
    "lycanroc-midday": 3.847708304962558,
    "lycanroc-midnight": 4.130896976969801,
    "mudsdale": 4.111070169690179,
    "araquanid": 3.6578136474073144,
    "lurantis": 3.8084691559751023,
    "shiinotic": 3.440388035215474,
    "salazzle": 3.7765946525202825,
    "bewear": 4.152169512288014,
    "tsareena": 3.9800982738917567,
    "comfey": 3.3032766053236635,
    "oranguru": 3.5524139556946883,
    "passimian": 3.928032804802049,
    "palossand": 4.059455129565014,
    "pyukumuku": 2.533827531455693,
    "togedemaru": 3.8189892606407674,
    "mimikyu-disguised": 3.54084568495217,
    "greedent": 3.713537353205626,
    "orbeetle": 3.473376816265204,
    "thievul": 3.3973678206637565,
    "eldegoss": 3.633739850359462,
    "dubwool": 3.527472349213411,
    "drednaw": 4.2018838469920565,
    "boltund": 3.5428741383108457,
    "carkol": 3.619668941957454,
    "coalossal": 3.9975807737005926,
    "sandaconda": 3.4548001130495174,
    "cramorant": 3.3281761372759813,
    "barraskewda": 3.1896277672142825,
    "toxtricity-amped": 3.7583925855050664,
    "centiskorch": 3.8919308764151817,
    "grapploct": 3.6571101420537127,
    "polteageist": 3.896134680490971,
    "hatterene": 4.07200183829747,
    "grimmsnarl": 3.6146611215531035,
    "obstagoon": 3.6709438280556195,
    "perrserker": 3.680136397202736,
    "alcremie": 3.9921581377256823,
    "falinks": 3.5219987556171826,
    "pincurchin": 3.6705537328021407,
    "frosmoth": 3.4159562782801602,
    "indeedee-male": 3.6419612351017574,